tag,dataset,seed,mode,placement,gens,pop,wall_ms,placed,total,n_sheets,fitness,bbox_width,util_strip,util_sheet,overlap_area
q1-control,rects,7,1,1,999,30,10016.4,28,28,1,1986199.875817,1221.727,0.89808,0.54860,0.000000
q1-control,rects,17,1,1,999,30,10024.6,28,28,1,1986219.161339,1242.265,0.88323,0.54860,0.000000
q1-control,rects,27,1,1,999,30,10006.3,28,28,1,1986233.161931,1244.235,0.88183,0.54860,0.000000
q1-control,rects,37,1,1,999,30,10023.7,28,28,1,1986200.816093,1222.316,0.89765,0.54860,0.000000
q1-control,rects,47,1,1,999,30,10011.8,28,28,1,1986227.798387,1241.697,0.88363,0.54860,0.000000
q1-allrot,rects,7,1,1,999,30,10031.0,28,28,1,1986207.912137,1236.872,0.88708,0.54860,0.000000
q1-allrot,rects,17,1,1,999,30,10011.4,28,28,1,1986207.912137,1236.872,0.88708,0.54860,0.000000
q1-allrot,rects,27,1,1,999,30,10028.6,28,28,1,1986207.912137,1236.872,0.88708,0.54860,0.000000
q1-allrot,rects,37,1,1,999,30,10025.7,28,28,1,1986211.792448,1237.923,0.88633,0.54860,0.000000
q1-allrot,rects,47,1,1,999,30,10028.2,28,28,1,1986194.629887,1229.988,0.89205,0.54860,0.000000
q1-control,concave,7,1,1,999,30,10030.6,45,45,1,1986972.271331,1606.578,0.63895,0.51326,0.000000
q1-control,concave,17,1,1,999,30,10055.8,45,45,1,1986905.438159,1573.702,0.65230,0.51326,0.000000
q1-control,concave,27,1,1,999,30,10076.7,45,45,1,1986977.753800,1609.598,0.63775,0.51326,0.000000
q1-control,concave,37,1,1,999,30,10076.0,45,45,1,1986897.568233,1568.110,0.65463,0.51326,0.000000
q1-control,concave,47,1,1,999,30,10072.0,45,45,1,1986904.487879,1573.162,0.65252,0.51326,0.000000
q1-allrot,concave,7,1,1,999,30,10095.0,45,45,1,1986824.486500,1531.966,0.67007,0.51326,0.000000
q1-allrot,concave,17,1,1,999,30,10062.8,45,45,1,1986859.830361,1549.242,0.66260,0.51326,0.000000
q1-allrot,concave,27,1,1,999,30,10019.9,45,45,1,1986788.368340,1514.715,0.67770,0.51326,0.000000
q1-allrot,concave,37,1,1,999,30,10093.8,45,45,1,1986775.463083,1508.123,0.68066,0.51326,0.000000
q1-allrot,concave,47,1,1,999,30,10017.3,45,45,1,1986870.433505,1555.748,0.65983,0.51326,0.000000
q1-control,rings,7,1,1,999,30,10026.3,26,26,1,1985701.890493,1024.931,0.53207,0.27267,0.000000
q1-control,rings,17,1,1,999,30,10022.8,26,26,1,1985702.859695,1028.107,0.53043,0.27267,0.000000
q1-control,rings,27,1,1,999,30,10022.4,26,26,1,1985704.203267,1028.054,0.53045,0.27267,0.000000
q1-control,rings,37,1,1,999,30,10012.6,26,26,1,1985693.091655,1027.787,0.53059,0.27267,0.000000
q1-control,rings,47,1,1,999,30,10012.0,26,26,1,1985690.401092,1025.252,0.53190,0.27267,0.000000
q1-allrot,rings,7,1,1,999,30,10015.9,26,26,1,1985597.439978,1028.054,0.53045,0.27267,0.000000
q1-allrot,rings,17,1,1,999,30,10028.5,26,26,1,1985597.439982,1028.054,0.53045,0.27267,0.000000
q1-allrot,rings,27,1,1,999,30,10010.1,26,26,1,1985597.439981,1028.054,0.53045,0.27267,0.000000
q1-allrot,rings,37,1,1,999,30,10027.9,26,26,1,1985597.439982,1028.054,0.53045,0.27267,0.000000
q1-allrot,rings,47,1,1,999,30,10032.3,26,26,1,1985597.439978,1028.054,0.53045,0.27267,0.000000
q3-allrot,rects,7,1,1,999,30,10028.5,28,28,1,1986206.437030,1236.872,0.88708,0.54860,0.000000
q3-allrot,rects,17,1,1,999,30,10010.3,28,28,1,1986207.912137,1236.872,0.88708,0.54860,0.000000
q3-allrot,rects,27,1,1,999,30,10006.0,28,28,1,1986194.629887,1229.988,0.89205,0.54860,0.000000
q3-allrot,rects,37,1,1,999,30,10014.3,28,28,1,1986207.912137,1236.872,0.88708,0.54860,0.000000
q3-allrot,rects,47,1,1,999,30,10013.9,28,28,1,1986207.912137,1236.872,0.88708,0.54860,0.000000
q3-allrot,concave,7,1,1,999,30,10062.9,45,45,1,1986838.809242,1534.591,0.66892,0.51326,0.000000
q3-allrot,concave,17,1,1,999,30,10068.3,45,45,1,1986767.151840,1503.899,0.68258,0.51326,0.000000
q3-allrot,concave,27,1,1,999,30,10043.1,45,45,1,1986833.901449,1537.482,0.66767,0.51326,0.000000
q3-allrot,concave,37,1,1,999,30,10064.8,45,45,1,1986858.809767,1550.378,0.66211,0.51326,0.000000
q3-allrot,concave,47,1,1,999,30,10008.7,45,45,1,1986834.912352,1538.717,0.66713,0.51326,0.000000
q3-allrot,rings,7,1,1,999,30,10014.2,26,26,1,1985597.439978,1028.054,0.53045,0.27267,0.000000
q3-allrot,rings,17,1,1,999,30,10009.8,26,26,1,1985597.439985,1028.054,0.53045,0.27267,0.000000
q3-allrot,rings,27,1,1,999,30,10036.1,26,26,1,1985597.439987,1028.054,0.53045,0.27267,0.000000
q3-allrot,rings,37,1,1,999,30,10037.2,26,26,1,1985597.439982,1028.054,0.53045,0.27267,0.000000
q3-allrot,rings,47,1,1,999,30,10033.8,26,26,1,1985597.439978,1028.054,0.53045,0.27267,0.000000
q4b-origin,rects,7,1,1,999,30,10027.3,28,28,1,1986179.546855,1220.398,0.89906,0.54860,0.000000
q4b-origin,rects,17,1,1,999,30,10005.0,28,28,1,1986179.546855,1220.398,0.89906,0.54860,0.000000
q4b-origin,rects,27,1,1,999,30,10015.1,28,28,1,1986156.788443,1205.892,0.90987,0.54860,0.000000
q4b-origin,rects,37,1,1,999,30,10017.7,28,28,1,1986160.543462,1209.087,0.90747,0.54860,0.000000
q4b-origin,rects,47,1,1,999,30,10014.2,28,28,1,1986181.077103,1220.398,0.89906,0.54860,0.000000
q4b-origin,concave,7,1,1,999,30,10056.7,45,45,1,1986783.002666,1507.295,0.68104,0.51326,0.000000
q4b-origin,concave,17,1,1,999,30,10023.9,45,45,1,1986803.350423,1524.669,0.67328,0.51326,0.000000
q4b-origin,concave,27,1,1,999,30,10099.1,45,45,1,1986828.551423,1537.287,0.66775,0.51326,0.000000
q4b-origin,concave,37,1,1,999,30,10048.9,45,45,1,1986788.006652,1515.531,0.67734,0.51326,0.000000
q4b-origin,concave,47,1,1,999,30,10056.1,45,45,1,1986810.631665,1525.847,0.67276,0.51326,0.000000
q4b-origin,rings,7,1,1,999,30,10026.4,26,26,1,1985578.692312,1028.054,0.53045,0.27267,0.000000
q4b-origin,rings,17,1,1,999,30,10011.2,26,26,1,1985578.692316,1028.054,0.53045,0.27267,0.000000
q4b-origin,rings,27,1,1,999,30,10010.9,26,26,1,1985578.692317,1028.054,0.53045,0.27267,0.000000
q4b-origin,rings,37,1,1,999,30,10031.3,26,26,1,1985578.692316,1028.054,0.53045,0.27267,0.000000
q4b-origin,rings,47,1,1,999,30,10024.2,26,26,1,1985578.692312,1028.054,0.53045,0.27267,0.000000
q5-comp0,rects,7,1,1,999,30,10015.9,28,28,1,1986304.948424,1221.349,0.89836,0.54860,0.000000
q5-comp0,rects,17,1,1,999,30,10006.6,28,28,1,1986304.948424,1221.349,0.89836,0.54860,0.000000
q5-comp0,rects,27,1,1,999,30,10008.9,28,28,1,1986305.953962,1221.349,0.89836,0.54860,0.000000
q5-comp0,rects,37,1,1,999,30,10016.7,28,28,1,1986304.948424,1221.349,0.89836,0.54860,0.000000
q5-comp0,rects,47,1,1,999,30,10005.8,28,28,1,1986298.518498,1220.398,0.89906,0.54860,0.000000
q5-comp0,concave,7,1,1,999,30,10026.1,45,45,1,1986947.912682,1545.914,0.66403,0.51326,0.000000
q5-comp0,concave,17,1,1,999,30,10031.6,45,45,1,1986901.729146,1499.191,0.68472,0.51326,0.000000
q5-comp0,concave,27,1,1,999,30,10014.1,45,45,1,1986888.508386,1517.875,0.67629,0.51326,0.000000
q5-comp0,concave,37,1,1,999,30,10041.9,45,45,1,1986920.808229,1495.355,0.68648,0.51326,0.000000
q5-comp0,concave,47,1,1,999,30,10017.6,45,45,1,1986887.359933,1506.589,0.68136,0.51326,0.000000
q5-comp4,rects,7,1,1,999,30,10011.7,28,28,1,1986181.077103,1220.398,0.89906,0.54860,0.000000
q5-comp4,rects,17,1,1,999,30,10030.5,28,28,1,1986175.857333,1217.788,0.90098,0.54860,0.000000
q5-comp4,rects,27,1,1,999,30,10023.0,28,28,1,1986155.756048,1206.891,0.90912,0.54860,0.000000
q5-comp4,rects,37,1,1,999,30,10037.0,28,28,1,1986158.390886,1206.891,0.90912,0.54860,0.000000
q5-comp4,rects,47,1,1,999,30,10026.0,28,28,1,1986181.077103,1220.398,0.89906,0.54860,0.000000
q5-comp4,concave,7,1,1,999,30,10040.3,45,45,1,1986809.027597,1520.307,0.67521,0.51326,0.000000
q5-comp4,concave,17,1,1,999,30,10056.4,45,45,1,1986758.689930,1495.912,0.68622,0.51326,0.000000
q5-comp4,concave,27,1,1,999,30,10079.3,45,45,1,1986779.863821,1511.459,0.67916,0.51326,0.000000
q5-comp4,concave,37,1,1,999,30,10041.1,45,45,1,1986787.740408,1514.796,0.67767,0.51326,0.000000
q5-comp4,concave,47,1,1,999,30,10126.6,45,45,1,1986765.969009,1503.904,0.68257,0.51326,0.000000
q5b-comp0,concave,57,1,1,999,30,10042.9,45,45,1,1986925.060365,1497.504,0.68549,0.51326,0.000000
q5b-comp0,concave,67,1,1,999,30,10035.1,45,45,1,1986920.261680,1512.923,0.67850,0.51326,0.000000
q5b-comp0,concave,77,1,1,999,30,10017.3,45,45,1,1986930.965701,1500.786,0.68399,0.51326,0.000000
q5b-comp0,concave,87,1,1,999,30,10012.7,45,45,1,1986887.900867,1517.674,0.67638,0.51326,0.000000
q5b-comp0,concave,97,1,1,999,30,10050.5,45,45,1,1986926.490125,1532.169,0.66998,0.51326,0.000000
q5b-comp2,concave,57,1,1,999,30,10027.0,45,45,1,1986797.490540,1520.927,0.67493,0.51326,0.000000
q5b-comp2,concave,67,1,1,999,30,10076.8,45,45,1,1986788.966702,1521.353,0.67475,0.51326,0.000000
q5b-comp2,concave,77,1,1,999,30,10105.3,45,45,1,1986837.473954,1535.527,0.66852,0.51326,0.000000
q5b-comp2,concave,87,1,1,999,30,10080.4,45,45,1,1986777.719016,1512.733,0.67859,0.51326,0.000000
q5b-comp2,concave,97,1,1,999,30,10059.1,45,45,1,1986796.110272,1518.751,0.67590,0.51326,0.000000
q5b-comp4,concave,57,1,1,999,30,10107.6,45,45,1,1986769.755726,1505.409,0.68189,0.51326,0.000000
q5b-comp4,concave,67,1,1,999,30,10029.4,45,45,1,1986806.825061,1524.644,0.67329,0.51326,0.000000
q5b-comp4,concave,77,1,1,999,30,10030.2,45,45,1,1986761.777170,1500.361,0.68419,0.51326,0.000000
q5b-comp4,concave,87,1,1,999,30,10023.5,45,45,1,1986818.355438,1530.619,0.67066,0.51326,0.000000
q5b-comp4,concave,97,1,1,999,30,10091.7,45,45,1,1986745.358158,1493.238,0.68745,0.51326,0.000000
q6-fitness,rects,7,1,1,999,30,10020.1,28,28,1,1.613727,1218.158,0.90071,0.54860,0.000000
q6-fitness,rects,17,1,1,999,30,10006.1,28,28,1,1.613059,1216.826,0.90170,0.54860,0.000000
q6-fitness,rects,27,1,1,999,30,10027.3,28,28,1,1.608314,1207.363,0.90876,0.54860,0.000000
q6-fitness,rects,37,1,1,999,30,10019.2,28,28,1,1.608682,1208.098,0.90821,0.54860,0.000000
q6-fitness,rects,47,1,1,999,30,10023.7,28,28,1,1.608077,1206.891,0.90912,0.54860,0.000000
q6-fitness,concave,7,1,1,999,30,10129.0,45,45,1,1.757210,1499.561,0.68455,0.51326,0.000000
q6-fitness,concave,17,1,1,999,30,10109.6,45,45,1,1.765736,1519.443,0.67559,0.51326,0.000000
q6-fitness,concave,27,1,1,999,30,10009.4,45,45,1,1.761986,1510.203,0.67973,0.51326,0.000000
q6-fitness,concave,37,1,1,999,30,10060.0,45,45,1,1.770313,1529.408,0.67119,0.51326,0.000000
q6-fitness,concave,47,1,1,999,30,10109.2,45,45,1,1.771914,1533.621,0.66935,0.51326,0.000000
q6-fitness,rings,7,1,1,999,30,10013.5,26,26,1,1.516118,1023.503,0.53281,0.27267,0.000000
q6-fitness,rings,17,1,1,999,30,10035.0,26,26,1,1.516118,1023.503,0.53281,0.27267,0.000000
q6-fitness,rings,27,1,1,999,30,10035.3,26,26,1,1.516118,1023.503,0.53281,0.27267,0.000000
q6-fitness,rings,37,1,1,999,30,10028.0,26,26,1,1.516118,1023.503,0.53281,0.27267,0.000000
q6-fitness,rings,47,1,1,999,30,10017.7,26,26,1,1.516118,1023.503,0.53281,0.27267,0.000000
q6b-fitness,concave,57,1,1,999,30,10142.0,45,45,1,1.765559,1514.873,0.67763,0.51326,0.000000
q6b-fitness,concave,67,1,1,999,30,10116.1,45,45,1,1.767142,1518.030,0.67622,0.51326,0.000000
q6b-fitness,concave,77,1,1,999,30,10061.6,45,45,1,1.771108,1525.478,0.67292,0.51326,0.000000
q6b-fitness,concave,87,1,1,999,30,10022.1,45,45,1,1.761400,1512.654,0.67863,0.51326,0.000000
q6b-fitness,concave,97,1,1,999,30,10058.2,45,45,1,1.762001,1513.853,0.67809,0.51326,0.000000
q6c-2wh,rects,7,1,1,999,30,10016.0,28,28,1,1.736735,1227.283,0.89401,0.54860,0.000000
q6c-2wh,rects,17,1,1,999,30,10017.7,28,28,1,1.736735,1227.283,0.89401,0.54860,0.000000
q6c-2wh,rects,27,1,1,999,30,10008.9,28,28,1,1.736735,1227.283,0.89401,0.54860,0.000000
q6c-2wh,rects,37,1,1,999,30,10022.5,28,28,1,1.736735,1227.283,0.89401,0.54860,0.000000
q6c-2wh,rects,47,1,1,999,30,10030.5,28,28,1,1.736735,1227.283,0.89401,0.54860,0.000000
q6c-2wh,concave,7,1,1,999,30,10036.4,45,45,1,1.843988,1527.322,0.67211,0.51326,0.000000
q6c-2wh,concave,17,1,1,999,30,10107.6,45,45,1,1.846706,1529.923,0.67097,0.51326,0.000000
q6c-2wh,concave,27,1,1,999,30,10104.6,45,45,1,1.839037,1505.123,0.68202,0.51326,0.000000
q6c-2wh,concave,37,1,1,999,30,10135.7,45,45,1,1.837984,1501.973,0.68345,0.51326,0.000000
q6c-2wh,concave,47,1,1,999,30,10103.7,45,45,1,1.838818,1506.675,0.68132,0.51326,0.000000
q6c-2wh,rings,7,1,1,999,30,10024.4,26,26,1,1.599692,1028.054,0.53045,0.27267,0.000000
q6c-2wh,rings,17,1,1,999,30,10020.9,26,26,1,1.599692,1028.054,0.53045,0.27267,0.000000
q6c-2wh,rings,27,1,1,999,30,10029.2,26,26,1,1.599692,1028.054,0.53045,0.27267,0.000000
q6c-2wh,rings,37,1,1,999,30,10020.4,26,26,1,1.595853,1059.635,0.51464,0.27267,0.000000
q6c-2wh,rings,47,1,1,999,30,10020.2,26,26,1,1.599692,1028.054,0.53045,0.27267,0.000000
q6c-2wh-b2,concave,57,1,1,999,30,10126.6,45,45,1,1.838508,1505.398,0.68190,0.51326,0.000000
q6c-2wh-b2,concave,67,1,1,999,30,10021.6,45,45,1,1.849106,1542.401,0.66554,0.51326,0.000000
q6c-2wh-b2,concave,77,1,1,999,30,10040.8,45,45,1,1.848885,1540.212,0.66648,0.51326,0.000000
q6c-2wh-b2,concave,87,1,1,999,30,10141.3,45,45,1,1.838554,1515.707,0.67726,0.51326,0.000000
q6c-2wh-b2,concave,97,1,1,999,30,10077.8,45,45,1,1.844648,1525.614,0.67286,0.51326,0.000000
headline-before,rects,7,1,1,999,30,10020.7,28,28,1,1986199.875817,1221.727,0.89808,0.54860,0.000000
headline-before,rects,17,1,1,999,30,10006.1,28,28,1,1986225.040282,1242.265,0.88323,0.54860,0.000000
headline-before,rects,27,1,1,999,30,10038.1,28,28,1,1986233.161931,1244.235,0.88183,0.54860,0.000000
headline-before,rects,37,1,1,999,30,10019.8,28,28,1,1986200.816093,1222.316,0.89765,0.54860,0.000000
headline-before,rects,47,1,1,999,30,10028.2,28,28,1,1986228.307317,1243.213,0.88256,0.54860,0.000000
headline-after,rects,7,1,1,999,30,10007.7,28,28,1,1986181.077103,1220.398,0.89906,0.54860,0.000000
headline-after,rects,17,1,1,999,30,10008.2,28,28,1,1986175.857333,1217.788,0.90098,0.54860,0.000000
headline-after,rects,27,1,1,999,30,10011.6,28,28,1,1986155.756048,1206.891,0.90912,0.54860,0.000000
headline-after,rects,37,1,1,999,30,10003.8,28,28,1,1986158.390886,1206.891,0.90912,0.54860,0.000000
headline-after,rects,47,1,1,999,30,10030.4,28,28,1,1986181.077103,1220.398,0.89906,0.54860,0.000000
headline-before,concave,7,1,1,999,30,10053.8,45,45,1,1986980.439551,1609.546,0.63777,0.51326,0.000000
headline-before,concave,17,1,1,999,30,10043.2,45,45,1,1986945.608085,1592.650,0.64454,0.51326,0.000000
headline-before,concave,27,1,1,999,30,10105.7,45,45,1,1986977.753800,1609.598,0.63775,0.51326,0.000000
headline-before,concave,37,1,1,999,30,10106.9,45,45,1,1986897.568233,1568.110,0.65463,0.51326,0.000000
headline-before,concave,47,1,1,999,30,10045.2,45,45,1,1986950.498537,1595.780,0.64328,0.51326,0.000000
headline-after,concave,7,1,1,999,30,10054.1,45,45,1,1986809.027597,1520.307,0.67521,0.51326,0.000000
headline-after,concave,17,1,1,999,30,10046.7,45,45,1,1986758.689930,1495.912,0.68622,0.51326,0.000000
headline-after,concave,27,1,1,999,30,10117.9,45,45,1,1986779.863821,1511.459,0.67916,0.51326,0.000000
headline-after,concave,37,1,1,999,30,10054.8,45,45,1,1986787.740408,1514.796,0.67767,0.51326,0.000000
headline-after,concave,47,1,1,999,30,10075.9,45,45,1,1986765.969009,1503.904,0.68257,0.51326,0.000000
headline-before,rings,7,1,1,999,30,10016.9,26,26,1,1985701.890493,1024.931,0.53207,0.27267,0.000000
headline-before,rings,17,1,1,999,30,10010.1,26,26,1,1985702.859695,1028.107,0.53043,0.27267,0.000000
headline-before,rings,27,1,1,999,30,10035.9,26,26,1,1985709.572240,1028.054,0.53045,0.27267,0.000000
headline-before,rings,37,1,1,999,30,10032.1,26,26,1,1985693.091655,1027.787,0.53059,0.27267,0.000000
headline-before,rings,47,1,1,999,30,10035.7,26,26,1,1985704.203275,1028.054,0.53045,0.27267,0.000000
headline-after,rings,7,1,1,999,30,10032.2,26,26,1,1985578.692312,1028.054,0.53045,0.27267,0.000000
headline-after,rings,17,1,1,999,30,10010.6,26,26,1,1985578.692316,1028.054,0.53045,0.27267,0.000000
headline-after,rings,27,1,1,999,30,10021.2,26,26,1,1985578.692317,1028.054,0.53045,0.27267,0.000000
headline-after,rings,37,1,1,999,30,10015.6,26,26,1,1985578.692316,1028.054,0.53045,0.27267,0.000000
headline-after,rings,47,1,1,999,30,10015.8,26,26,1,1985578.692312,1028.054,0.53045,0.27267,0.000000
sweep-es0,concave,7,1,1,999,30,10053.1,45,45,1,1986788.559887,1516.426,0.67694,0.51326,0.000000
sweep-es0,concave,17,1,1,999,30,10053.2,45,45,1,1986772.378615,1506.720,0.68130,0.51326,0.000000
sweep-es0,concave,27,1,1,999,30,10052.3,45,45,1,1986807.010424,1526.049,0.67267,0.51326,0.000000
sweep-es0,concave,37,1,1,999,30,10144.7,45,45,1,1986768.661856,1507.041,0.68115,0.51326,0.000000
sweep-es0,concave,47,1,1,999,30,10117.0,45,45,1,1986790.345993,1514.773,0.67768,0.51326,0.000000
sweep-es4,concave,7,1,1,999,30,10109.6,45,45,1,1986791.743812,1516.125,0.67707,0.51326,0.000000
sweep-es4,concave,17,1,1,999,30,10147.8,45,45,1,1986732.618093,1484.677,0.69141,0.51326,0.000000
sweep-es4,concave,27,1,1,999,30,10046.0,45,45,1,1986751.972783,1495.876,0.68624,0.51326,0.000000
sweep-es4,concave,37,1,1,999,30,10110.6,45,45,1,1986816.347463,1529.544,0.67113,0.51326,0.000000
sweep-es4,concave,47,1,1,999,30,10089.0,45,45,1,1986828.924292,1531.478,0.67028,0.51326,0.000000
sweep-pop20,concave,7,1,1,999,20,10083.1,45,45,1,1986793.299199,1515.976,0.67714,0.51326,0.000000
sweep-pop20,concave,17,1,1,999,20,10062.2,45,45,1,1986808.377647,1525.000,0.67313,0.51326,0.000000
sweep-pop20,concave,27,1,1,999,20,10148.8,45,45,1,1986795.036024,1519.499,0.67557,0.51326,0.000000
sweep-pop20,concave,37,1,1,999,20,10091.2,45,45,1,1986808.581298,1527.081,0.67221,0.51326,0.000000
sweep-pop20,concave,47,1,1,999,20,10032.3,45,45,1,1986817.432559,1529.247,0.67126,0.51326,0.000000
sweep-pop50,concave,7,1,1,999,50,10125.7,45,45,1,1986765.159372,1501.906,0.68348,0.51326,0.000000
sweep-pop50,concave,17,1,1,999,50,10127.0,45,45,1,1986819.943619,1530.295,0.67080,0.51326,0.000000
sweep-pop50,concave,27,1,1,999,50,10028.4,45,45,1,1986824.574870,1534.087,0.66914,0.51326,0.000000
sweep-pop50,concave,37,1,1,999,50,10087.7,45,45,1,1986807.222059,1526.586,0.67243,0.51326,0.000000
sweep-pop50,concave,47,1,1,999,50,10007.2,45,45,1,1986829.751637,1536.475,0.66810,0.51326,0.000000
sweep-pop120,concave,7,1,1,999,120,10125.2,45,45,1,1986795.640691,1516.494,0.67691,0.51326,0.000000
sweep-pop120,concave,17,1,1,999,120,10158.2,45,45,1,1986819.528912,1525.558,0.67289,0.51326,0.000000
sweep-pop120,concave,27,1,1,999,120,10095.3,45,45,1,1986814.702909,1527.882,0.67186,0.51326,0.000000
sweep-pop120,concave,37,1,1,999,120,10075.9,45,45,1,1986789.382873,1511.845,0.67899,0.51326,0.000000
sweep-pop120,concave,47,1,1,999,120,10013.1,45,45,1,1986806.104235,1524.654,0.67328,0.51326,0.000000
p3-contact,rects,7,1,1,999,30,10027.0,28,28,1,1986177.112623,1209.087,0.90747,0.54860,0.000000
p3-contact,rects,17,1,1,999,30,10023.0,28,28,1,1986180.076990,1210.569,0.90636,0.54860,0.000000
p3-contact,rects,27,1,1,999,30,10035.3,28,28,1,1986179.546855,1220.398,0.89906,0.54860,0.000000
p3-contact,rects,37,1,1,999,30,10009.2,28,28,1,1986181.077103,1220.398,0.89906,0.54860,0.000000
p3-contact,rects,47,1,1,999,30,10005.4,28,28,1,1986167.143123,1205.082,0.91048,0.54860,0.000000
p3-contact,concave,7,1,1,999,30,10047.0,45,45,1,1986778.141491,1509.602,0.68000,0.51326,0.000000
p3-contact,concave,17,1,1,999,30,10141.5,45,45,1,1986787.796095,1514.429,0.67783,0.51326,0.000000
p3-contact,concave,27,1,1,999,30,10155.9,45,45,1,1986806.012296,1519.173,0.67571,0.51326,0.000000
p3-contact,concave,37,1,1,999,30,10078.1,45,45,1,1986798.966250,1520.014,0.67534,0.51326,0.000000
p3-contact,concave,47,1,1,999,30,10040.2,45,45,1,1986768.021507,1503.249,0.68287,0.51326,0.000000
p3-contact,rings,7,1,1,999,30,10026.9,26,26,1,1985578.692314,1028.054,0.53045,0.27267,0.000000
p3-contact,rings,17,1,1,999,30,10034.5,26,26,1,1985578.692316,1028.054,0.53045,0.27267,0.000000
p3-contact,rings,27,1,1,999,30,10032.7,26,26,1,1985578.692317,1028.054,0.53045,0.27267,0.000000
p3-contact,rings,37,1,1,999,30,10042.6,26,26,1,1985578.692316,1028.054,0.53045,0.27267,0.000000
p3-contact,rings,47,1,1,999,30,10033.4,26,26,1,1985578.692312,1028.054,0.53045,0.27267,0.000000
p3-contact-b2,concave,57,1,1,999,30,10133.2,45,45,1,1986806.635351,1525.410,0.67295,0.51326,0.000000
p3-contact-b2,concave,67,1,1,999,30,10068.4,45,45,1,1986771.148855,1506.105,0.68158,0.51326,0.000000
p3-contact-b2,concave,77,1,1,999,30,10121.3,45,45,1,1986754.655513,1496.654,0.68588,0.51326,0.000000
p3-contact-b2,concave,87,1,1,999,30,10017.1,45,45,1,1986747.481552,1494.272,0.68697,0.51326,0.000000
p3-contact-b2,concave,97,1,1,999,30,10099.8,45,45,1,1986760.546390,1500.804,0.68398,0.51326,0.000000
p3-tol1,rects,7,1,1,999,30,10016.0,28,28,1,1986170.722768,1205.892,0.90987,0.54860,0.000000
p3-tol1,rects,17,1,1,999,30,10027.8,28,28,1,1986168.920858,1204.991,0.91055,0.54860,0.000000
p3-tol1,rects,27,1,1,999,30,10019.4,28,28,1,1986168.774261,1204.918,0.91061,0.54860,0.000000
p3-tol1,rects,37,1,1,999,30,10040.1,28,28,1,1986175.210462,1208.136,0.90818,0.54860,0.000000
p3-tol1,rects,47,1,1,999,30,10013.1,28,28,1,1986170.722768,1205.892,0.90987,0.54860,0.000000
p3-tol1,concave,7,1,1,999,30,10185.7,45,45,1,1986775.620636,1505.474,0.68186,0.51326,0.000000
p3-tol1,concave,17,1,1,999,30,10118.3,45,45,1,1986771.757278,1506.409,0.68144,0.51326,0.000000
p3-tol1,concave,27,1,1,999,30,10145.2,45,45,1,1986781.126632,1511.094,0.67933,0.51326,0.000000
p3-tol1,concave,37,1,1,999,30,10136.6,45,45,1,1986752.486108,1496.774,0.68583,0.51326,0.000000
p3-tol1,concave,47,1,1,999,30,10152.3,45,45,1,1986738.442211,1486.405,0.69061,0.51326,0.000000
p3-tol1-b2,concave,57,1,1,999,30,10112.6,45,45,1,1986766.476254,1503.769,0.68264,0.51326,0.000000
p3-tol1-b2,concave,67,1,1,999,30,10095.1,45,45,1,1986757.080038,1499.071,0.68477,0.51326,0.000000
p3-tol1-b2,concave,77,1,1,999,30,10023.3,45,45,1,1986808.036121,1524.549,0.67333,0.51326,0.000000
p3-tol1-b2,concave,87,1,1,999,30,10038.6,45,45,1,1986775.141964,1506.244,0.68151,0.51326,0.000000
p3-tol1-b2,concave,97,1,1,999,30,10088.9,45,45,1,1986800.217856,1519.347,0.67564,0.51326,0.000000
p3-es4contact,rects,7,1,1,999,30,10007.5,28,28,1,1986168.620794,1204.841,0.91066,0.54860,0.000000
p3-es4contact,rects,17,1,1,999,30,10030.5,28,28,1,1986170.722768,1205.892,0.90987,0.54860,0.000000
p3-es4contact,rects,27,1,1,999,30,10020.0,28,28,1,1986171.756476,1206.409,0.90948,0.54860,0.000000
p3-es4contact,rects,37,1,1,999,30,10046.1,28,28,1,1986175.210462,1208.136,0.90818,0.54860,0.000000
p3-es4contact,rects,47,1,1,999,30,10055.2,28,28,1,1986172.720308,1206.891,0.90912,0.54860,0.000000
p3-es4contact,concave,7,1,1,999,30,10245.5,45,45,1,1986790.826931,1515.944,0.67715,0.51326,0.000000
p3-es4contact,concave,17,1,1,999,30,10064.5,45,45,1,1986814.974003,1526.813,0.67233,0.51326,0.000000
p3-es4contact,concave,27,1,1,999,30,10019.4,45,45,1,1986816.418188,1527.535,0.67201,0.51326,0.000000
p3-es4contact,concave,37,1,1,999,30,10077.4,45,45,1,1986754.057869,1495.702,0.68632,0.51326,0.000000
p3-es4contact,concave,47,1,1,999,30,10036.8,45,45,1,1986786.411243,1513.736,0.67814,0.51326,0.000000
p3-es4contact-b2,concave,57,1,1,999,30,10179.5,45,45,1,1986732.588292,1486.825,0.69041,0.51326,0.000000
p3-es4contact-b2,concave,67,1,1,999,30,10161.4,45,45,1,1986751.980128,1496.521,0.68594,0.51326,0.000000
p3-es4contact-b2,concave,77,1,1,999,30,10197.2,45,45,1,1986782.287618,1511.675,0.67907,0.51326,0.000000
p3-es4contact-b2,concave,87,1,1,999,30,10036.4,45,45,1,1986760.183850,1500.623,0.68407,0.51326,0.000000
p3-es4contact-b2,concave,97,1,1,999,30,10109.3,45,45,1,1986762.485053,1501.773,0.68354,0.51326,0.000000
p3-hull1,rects,7,1,1,999,30,10019.5,28,28,1,1986170.247451,1205.655,0.91005,0.54860,0.000000
p3-hull1,rects,17,1,1,999,30,10034.0,28,28,1,1986160.760683,1200.911,0.91364,0.54860,0.000000
p3-hull1,rects,27,1,1,999,30,10007.9,28,28,1,1986170.722768,1205.892,0.90987,0.54860,0.000000
p3-hull1,rects,37,1,1,999,30,10004.5,28,28,1,1986172.720308,1206.891,0.90912,0.54860,0.000000
p3-hull1,rects,47,1,1,999,30,10015.4,28,28,1,1986172.720308,1206.891,0.90912,0.54860,0.000000
p3-hull1,concave,7,1,1,999,30,10014.6,45,45,1,1986794.039313,1512.813,0.67855,0.51326,0.000000
p3-hull1,concave,17,1,1,999,30,10240.6,45,45,1,1986769.583937,1503.465,0.68277,0.51326,0.000000
p3-hull1,concave,27,1,1,999,30,10039.1,45,45,1,1986776.233359,1504.811,0.68216,0.51326,0.000000
p3-hull1,concave,37,1,1,999,30,10170.2,45,45,1,1986795.859283,1518.616,0.67596,0.51326,0.000000
p3-hull1,concave,47,1,1,999,30,10082.6,45,45,1,1986747.006290,1492.389,0.68784,0.51326,0.000000
p3-hull1-b2,concave,57,1,1,999,30,10096.8,45,45,1,1986785.546769,1513.304,0.67833,0.51326,0.000000
p3-hull1-b2,concave,67,1,1,999,30,10230.8,45,45,1,1986807.538963,1524.407,0.67339,0.51326,0.000000
p3-hull1,rects,7,1,1,999,30,10032.7,28,28,1,1986170.247451,1205.655,0.91005,0.54860,0.000000
p3-hull1,rects,17,1,1,999,30,10044.6,28,28,1,1986160.760683,1200.911,0.91364,0.54860,0.000000
p3-hull1,rects,27,1,1,999,30,10046.8,28,28,1,1986170.722768,1205.892,0.90987,0.54860,0.000000
p3-hull1,rects,37,1,1,999,30,10008.9,28,28,1,1986172.720308,1206.891,0.90912,0.54860,0.000000
p3-hull1,rects,47,1,1,999,30,10016.4,28,28,1,1986172.720308,1206.891,0.90912,0.54860,0.000000
p3-hull1,concave,7,1,1,999,30,10150.7,45,45,1,1986756.431494,1492.672,0.68771,0.51326,0.000000
p3-hull1,concave,17,1,1,999,30,10189.6,45,45,1,1986759.914820,1495.751,0.68629,0.51326,0.000000
p3-hull1,concave,27,1,1,999,30,10185.1,45,45,1,1986776.233359,1504.811,0.68216,0.51326,0.000000
p3-hull1,concave,37,1,1,999,30,10085.5,45,45,1,1986777.142666,1507.898,0.68077,0.51326,0.000000
p3-hull1,concave,47,1,1,999,30,10116.9,45,45,1,1986747.006290,1492.389,0.68784,0.51326,0.000000
p3-hull1-b2,concave,57,1,1,999,30,10131.1,45,45,1,1986785.546769,1513.304,0.67833,0.51326,0.000000
p3-hull1-b2,concave,67,1,1,999,30,10018.9,45,45,1,1986807.538963,1524.407,0.67339,0.51326,0.000000
p3-hull1-b2,concave,77,1,1,999,30,10255.4,45,45,1,1986743.612637,1492.337,0.68786,0.51326,0.000000
p3-hull1-b2,concave,87,1,1,999,30,10016.1,45,45,1,1986772.827047,1504.969,0.68209,0.51326,0.000000
p3-hull1-b2,concave,97,1,1,999,30,10201.2,45,45,1,1986787.179310,1514.120,0.67797,0.51326,0.000000
p3-slide,rects,7,1,1,999,30,10012.1,28,28,1,1986170.722768,1205.892,0.90987,0.54860,0.000000
p3-slide,rects,17,1,1,999,30,10018.7,28,28,1,1986168.920858,1204.991,0.91055,0.54860,0.000000
p3-slide,rects,27,1,1,999,30,10008.5,28,28,1,1986168.774261,1204.918,0.91061,0.54860,0.000000
p3-slide,rects,37,1,1,999,30,10016.1,28,28,1,1986175.210462,1208.136,0.90818,0.54860,0.000000
p3-slide,rects,47,1,1,999,30,10029.6,28,28,1,1986170.722768,1205.892,0.90987,0.54860,0.000000
p3-slide,concave,7,1,1,999,30,10080.8,45,45,1,1986775.620636,1505.474,0.68186,0.51326,0.000000
p3-slide,concave,17,1,1,999,30,10025.8,45,45,1,1986753.766086,1495.557,0.68638,0.51326,0.000000
p3-slide,concave,27,1,1,999,30,10140.9,45,45,1,1986771.477729,1506.270,0.68150,0.51326,0.000000
p3-slide,concave,37,1,1,999,30,10033.5,45,45,1,1986752.486108,1496.774,0.68583,0.51326,0.000000
p3-slide,concave,47,1,1,999,30,10074.2,45,45,1,1986738.442211,1486.405,0.69061,0.51326,0.000000
p3-slide-b2,concave,57,1,1,999,30,10143.4,45,45,1,1986766.476254,1503.769,0.68264,0.51326,0.000000
p3-slide-b2,concave,67,1,1,999,30,10162.0,45,45,1,1986757.080038,1499.071,0.68477,0.51326,0.000000
p3-slide-b2,concave,77,1,1,999,30,10091.9,45,45,1,1986800.967024,1516.277,0.67700,0.51326,0.000000
p3-slide-b2,concave,87,1,1,999,30,10106.4,45,45,1,1986770.223629,1505.643,0.68179,0.51326,0.000000
p3-slide-b2,concave,97,1,1,999,30,10044.7,45,45,1,1986774.306931,1505.827,0.68170,0.51326,0.000000
p3-shrink,rects,7,1,1,999,30,10031.1,28,28,1,1986176.623005,1208.842,0.90765,0.54860,0.000000
p3-shrink,rects,17,1,1,999,30,10030.3,28,28,1,1986173.602939,1207.332,0.90879,0.54860,0.000000
p3-shrink,rects,27,1,1,999,30,10016.8,28,28,1,1986168.774261,1204.918,0.91061,0.54860,0.000000
p3-shrink,rects,37,1,1,999,30,10021.8,28,28,1,1986175.210462,1208.136,0.90818,0.54860,0.000000
p3-shrink,rects,47,1,1,999,30,10010.6,28,28,1,1986170.722768,1205.892,0.90987,0.54860,0.000000
p3-shrink,concave,7,1,1,999,30,10104.2,45,45,1,1986775.620636,1505.474,0.68186,0.51326,0.000000
p3-shrink,concave,17,1,1,999,30,10092.9,45,45,1,1986771.757278,1506.409,0.68144,0.51326,0.000000
p3-shrink,concave,27,1,1,999,30,10108.4,45,45,1,1986781.126632,1511.094,0.67933,0.51326,0.000000
p3-shrink,concave,37,1,1,999,30,10054.0,45,45,1,1986754.036969,1494.917,0.68668,0.51326,0.000000
p3-shrink,concave,47,1,1,999,30,10048.0,45,45,1,1986751.872236,1496.467,0.68597,0.51326,0.000000
p3-shrink-b2,concave,57,1,1,999,30,10109.9,45,45,1,1986766.476254,1503.769,0.68264,0.51326,0.000000
p3-shrink-b2,concave,67,1,1,999,30,10046.5,45,45,1,1986757.080038,1499.071,0.68477,0.51326,0.000000
p3-shrink-b2,concave,77,1,1,999,30,10188.6,45,45,1,1502681.335741,1501.595,0.68362,0.51326,0.000000
p3-shrink-b2,concave,87,1,1,999,30,10153.7,45,45,1,1986785.813251,1511.580,0.67911,0.51326,0.000000
p3-shrink-b2,concave,97,1,1,999,30,10056.0,45,45,1,1986800.217856,1519.347,0.67564,0.51326,0.000000
p3-shrink2,rects,7,1,1,999,30,10012.7,28,28,1,1986170.722768,1205.892,0.90987,0.54860,0.000000
p3-shrink2,rects,17,1,1,999,30,10016.8,28,28,1,1986170.722768,1205.892,0.90987,0.54860,0.000000
p3-shrink2,rects,27,1,1,999,30,10013.1,28,28,1,1986168.774261,1204.918,0.91061,0.54860,0.000000
p3-shrink2,rects,37,1,1,999,30,10034.5,28,28,1,1986175.210462,1208.136,0.90818,0.54860,0.000000
p3-shrink2,rects,47,1,1,999,30,10014.4,28,28,1,1986170.722768,1205.892,0.90987,0.54860,0.000000
p3-shrink2,concave,7,1,1,999,30,10024.7,45,45,1,1986797.281859,1518.444,0.67604,0.51326,0.000000
p3-shrink2,concave,17,1,1,999,30,10107.5,45,45,1,1986771.757278,1506.409,0.68144,0.51326,0.000000
p3-shrink2,concave,27,1,1,999,30,10166.8,45,45,1,1986813.648992,1526.496,0.67247,0.51326,0.000000
p3-shrink2,concave,37,1,1,999,30,10223.8,45,45,1,1986793.343569,1517.203,0.67659,0.51326,0.000000
p3-shrink2,concave,47,1,1,999,30,10082.4,45,45,1,1986776.158753,1506.234,0.68152,0.51326,0.000000
p3-shrink2-b2,concave,57,1,1,999,30,10052.0,45,45,1,1986820.416436,1529.535,0.67114,0.51326,0.000000
p3-shrink2-b2,concave,67,1,1,999,30,10225.6,45,45,1,1986757.080038,1499.071,0.68477,0.51326,0.000000
p3-shrink2-b2,concave,77,1,1,999,30,10058.8,45,45,1,1986808.036121,1524.549,0.67333,0.51326,0.000000
p3-shrink2-b2,concave,87,1,1,999,30,10234.4,45,45,1,1986785.813251,1511.580,0.67911,0.51326,0.000000
p3-shrink2-b2,concave,97,1,1,999,30,10066.9,45,45,1,1986800.217856,1519.347,0.67564,0.51326,0.000000
